<?xml version="1.0" encoding="UTF-8"?>
<con:config xmlns:con="http://www.sourceid.org/2004/05/config">
    <con:map name="IdpAuthnAdapterInstances">
        <con:item name="GsuiteAuth">com.pingidentity.adapter.idp.google.GoogleAuthenticationAdapter</con:item>
        <con:item name="MorganPing">com.pingidentity.adapter.idp.google.GoogleAuthenticationAdapter</con:item>
    </con:map>
    <con:map name="IdpAdapterInstanceParents">
        <con:item name="MorganPing">GsuiteAuth</con:item>
    </con:map>
</con:config>