<?xml version="1.0" encoding="UTF-8"?>
<con:config xmlns:con="http://www.sourceid.org/2004/05/config">
    <con:item name="AutoCreateCertOnEngineNode">true</con:item>
    <con:list name="ActiveServerAliases">
        <con:ListItem>xhk1p9es3pj4oixxkjynnaf5e</con:ListItem>
        <con:ListItem>t9vezrmnn5ntdoq6bzfzbtg0j</con:ListItem>
    </con:list>
    <con:list name="ActiveAdminServerAliases">
        <con:ListItem>xhk1p9es3pj4oixxkjynnaf5e</con:ListItem>
        <con:ListItem>t9vezrmnn5ntdoq6bzfzbtg0j</con:ListItem>
    </con:list>
    <con:item name="DefaultActiveServerAlias">xhk1p9es3pj4oixxkjynnaf5e</con:item>
    <con:item name="DefaultActiveAdminServerAlias">xhk1p9es3pj4oixxkjynnaf5e</con:item>
</con:config>