<?xml version="1.0" encoding="UTF-8"?>
<con:config xmlns:con="http://www.sourceid.org/2004/05/config">
    <con:map name="docker"/>
    <con:map name="https://httpbin.org"/>
    <con:map name="https://saml.salesforce.com"/>
    <con:map name="https://msmithtest-dev-ed.my.salesforce.com"/>
    <con:map name="http://pingone.com/064efeaa-11c6-4dd3-8040-1060bc9eb645"/>
    <con:map name="urn:saml2:msmithcaspingidentitycom"/>
    <con:map name="https://msmithtest-dev-ed.my.salesforce.comOFF"/>
    <con:map name="https://auth.pingone.com/7334523a-4a2d-4dd6-9f37-93c60114e938"/>
    <con:map name="urn:amazon:webservices"/>
    <con:map name="http://pingone.com/3e871e8c-0a50-4b33-a30c-21bd188ee2cb"/>
</con:config>