<?xml version="1.0" encoding="UTF-8"?>
<con:config xmlns:con="http://www.sourceid.org/2004/05/config">
    <con:item name="ApplicationDockEndpoint">https://desktop.pingone.com/morganls23.pingidentity</con:item>
    <con:item name="ProvisioningBaseUrl">https://scim.connect.pingidentity.com/prov-service</con:item>
    <con:item name="KeyPairAlias">64cbcnnp2teca58fjmxoj67np</con:item>
    <con:item name="ClientId">e2e02c58-26e1-424f-adc8-5eeb7bb3edb3</con:item>
    <con:item name="AccountId">064efeaa-11c6-4dd3-8040-1060bc9eb645</con:item>
    <con:item name="CompanyName">msmith+cas@pingidentity.com</con:item>
    <con:item name="Associated">true</con:item>
</con:config>