<?xml version="1.0" encoding="UTF-8"?>
<con:config xmlns:con="http://www.sourceid.org/2004/05/config">
    <con:item name="Associated">true</con:item>
    <con:item name="ApplicationDockEndpoint">https://desktop.pingone.com/cardinalgroupTest</con:item>
    <con:item name="ProvisioningBaseUrl">https://scim.connect.pingidentity.com/prov-service</con:item>
    <con:item name="KeyPairAlias">n9eavkxmk51iwxxm0gspejrd2</con:item>
    <con:item name="ClientId">5100ec40-d3fc-43d4-816e-d2679094ba0e</con:item>
    <con:item name="AccountId">3e871e8c-0a50-4b33-a30c-21bd188ee2cb</con:item>
    <con:item name="CompanyName">hugh.mcallister+test@cardinalgroup.com</con:item>
</con:config>