<?xml version="1.0" encoding="UTF-8"?>
<urn:AdapterConfiguration authnCtxClassRef="" isInheritAttributeSettings="false" isInheritAttributeMapping="false" maskOgnlValues="false" isInheritExtendedContractAttributes="false" name="Gsuite Auth" xmlns:urn="urn:sourceid.org:saml2:adapter:conf">
    <urn:Fields>
        <urn:Field name="Attribute Retrieval">2</urn:Field>
        <urn:Field name="Client ID">eyJhbGciOiJkaXIiLCJlbmMiOiJBMTI4Q0JDLUhTMjU2Iiwia2lkIjoiRW1JY1UxOVdueSIsInZlcnNpb24iOiI5LjMuMC45In0..ucXkIEx5To9QZG9aTAierQ.ANLFtt1_vv8Th3Y3dKc_apSX0UBivaCW8bm_4NSBEByrS5CHQPl9WtjLKfXcwCzY8ujhJ0F9n-QXHRNOcBXd9h-OHbxu7O1zAhWl9twPIWs.4y9UTYRY1rQXG0wzCiCi0A</urn:Field>
        <urn:Field name="Client Secret">eyJhbGciOiJkaXIiLCJlbmMiOiJBMTI4Q0JDLUhTMjU2Iiwia2lkIjoiRW1JY1UxOVdueSIsInZlcnNpb24iOiI5LjMuMC45In0..Jg_OIFJOnVRLRIZ8gO-qNg.ZYqrqeCWEombFRBBDc5zBzPdeptz74hcimuRSKu_8Jc.UdvnsgQPNRlCpMT3ZZGI1w</urn:Field>
        <urn:Field name="Refresh Token">eyJhbGciOiJkaXIiLCJlbmMiOiJBMTI4Q0JDLUhTMjU2Iiwia2lkIjoiRW1JY1UxOVdueSIsInZlcnNpb24iOiI5LjMuMC45In0..-CvvX_DR2bFoPjPYelYPdw.AxOXBj9vS5AbX4nBCVSMUG92Z9pjSx0azla1O1CJV7u_YQA4PPn3KVquFykIBRaH.ac8XUQC91A2foobHfJP1tQ</urn:Field>
        <urn:Field name="Error Redirect URL"/>
        <urn:Field name="Unauthorized Redirect URL"/>
        <urn:Field name="Callback Endpoint">/google-authn</urn:Field>
        <urn:Field name="PingFederate Base URL"/>
        <urn:Field name="Authentication URL">https://accounts.google.com/o/oauth2/auth</urn:Field>
        <urn:Field name="Access Token URL">https://accounts.google.com/o/oauth2/token</urn:Field>
        <urn:Field name="Logout URL">https://accounts.google.com/Logout?hl=en</urn:Field>
        <urn:Field name="User Info URL">https://openidconnect.googleapis.com/v1/userinfo</urn:Field>
        <urn:Field name="Extended Profile Data URL">https://www.googleapis.com/admin/directory/v1/users</urn:Field>
        <urn:Field name="Group Request">true</urn:Field>
        <urn:Field name="Extended Profile Group URL">https://www.googleapis.com/admin/directory/v1/groups?userKey=</urn:Field>
        <urn:Field name="Certificate URL">https://www.googleapis.com/oauth2/v3/certs</urn:Field>
        <urn:Field name="Retry Request">false</urn:Field>
        <urn:Field name="Maximum Retries Limit">5</urn:Field>
        <urn:Field name="Retry Error Codes">403,503</urn:Field>
        <urn:Field name="Require Form Adapter Cancellation">false</urn:Field>
        <urn:Field name="Read Timeout">10000</urn:Field>
        <urn:Field name="Connection Timeout">10000</urn:Field>
        <urn:Field name="Proxy Settings">System Defaults</urn:Field>
        <urn:Field name="Custom Proxy Host"/>
        <urn:Field name="Custom Proxy Port"/>
    </urn:Fields>
    <urn:AdvancedFields>
        <urn:Field name="PingFederate Base URL"/>
        <urn:Field name="Authentication URL">https://accounts.google.com/o/oauth2/auth</urn:Field>
        <urn:Field name="Access Token URL">https://accounts.google.com/o/oauth2/token</urn:Field>
        <urn:Field name="Logout URL">https://accounts.google.com/Logout?hl=en</urn:Field>
        <urn:Field name="User Info URL">https://openidconnect.googleapis.com/v1/userinfo</urn:Field>
        <urn:Field name="Extended Profile Data URL">https://www.googleapis.com/admin/directory/v1/users</urn:Field>
        <urn:Field name="Group Request">true</urn:Field>
        <urn:Field name="Extended Profile Group URL">https://www.googleapis.com/admin/directory/v1/groups?userKey=</urn:Field>
        <urn:Field name="Certificate URL">https://www.googleapis.com/oauth2/v3/certs</urn:Field>
        <urn:Field name="Retry Request">false</urn:Field>
        <urn:Field name="Maximum Retries Limit">5</urn:Field>
        <urn:Field name="Retry Error Codes">403,503</urn:Field>
        <urn:Field name="Require Form Adapter Cancellation">false</urn:Field>
        <urn:Field name="Read Timeout">10000</urn:Field>
        <urn:Field name="Connection Timeout">10000</urn:Field>
        <urn:Field name="Proxy Settings">System Defaults</urn:Field>
        <urn:Field name="Custom Proxy Host"/>
        <urn:Field name="Custom Proxy Port"/>
    </urn:AdvancedFields>
    <urn:Tables/>
    <urn:ExtendedContractAttributes>
        <urn:AttributeName>givenName</urn:AttributeName>
        <urn:AttributeName>familyName</urn:AttributeName>
        <urn:AttributeName>groups</urn:AttributeName>
    </urn:ExtendedContractAttributes>
    <urn:UniqueKeyField>email</urn:UniqueKeyField>
    <urn:AttributeMapping>
        <urn1:AttributeMap Name="familyName" Type="Adapter" Value="familyName" xmlns:urn1="urn:sourceid.org:saml2:metadata-extension:v2"/>
        <urn1:AttributeMap Name="givenName" Type="Adapter" Value="givenName" xmlns:urn1="urn:sourceid.org:saml2:metadata-extension:v2"/>
        <urn1:AttributeMap Name="groups" Type="Adapter" Value="groups" xmlns:urn1="urn:sourceid.org:saml2:metadata-extension:v2"/>
        <urn1:AttributeMap Name="email" Type="Adapter" Value="email" xmlns:urn1="urn:sourceid.org:saml2:metadata-extension:v2"/>
        <urn1:TokenAuthorizationIssuanceCriteria xmlns:urn1="urn:sourceid.org:saml2:metadata-extension:v2"/>
    </urn:AttributeMapping>
</urn:AdapterConfiguration>