<?xml version="1.0" encoding="UTF-8"?>
<urn:AdapterConfiguration authnCtxClassRef="" isInheritAttributeSettings="true" isInheritAttributeMapping="true" isInheritExtendedContractAttributes="true" name="MorganPingGoogleAuth" xmlns:urn="urn:sourceid.org:saml2:adapter:conf">
    <urn:Fields>
        <urn:Field name="Client ID">eyJhbGciOiJkaXIiLCJlbmMiOiJBMTI4Q0JDLUhTMjU2Iiwia2lkIjoiRW1JY1UxOVdueSIsInZlcnNpb24iOiI5LjMuMC45In0..AeqUfaJb8X5z3VNBK-62qg.Lv0wS5bXCeP-qZRFkeHosIz7giJNdhGkKm7XQ3vBx14EaMP3fzeplziA1kgLhI7m1nqAsaKOPTEcfnSII4chBUvvjWPXFoj6SnRc8PCiYJk.Sb0WJ2uujOhNxL6Ys-sbCg</urn:Field>
        <urn:Field name="Client Secret">eyJhbGciOiJkaXIiLCJlbmMiOiJBMTI4Q0JDLUhTMjU2Iiwia2lkIjoiRW1JY1UxOVdueSIsInZlcnNpb24iOiI5LjMuMC45In0..Bumlr18MI_lpigaALD5hmA.f9mf4VHRLDW6c3gaeoehHSt6v2C1KI5alkazfouPajs.H_NNPDZMn9B52sYrVSdgMg</urn:Field>
        <urn:Field name="Refresh Token">eyJhbGciOiJkaXIiLCJlbmMiOiJBMTI4Q0JDLUhTMjU2Iiwia2lkIjoiRW1JY1UxOVdueSIsInZlcnNpb24iOiI5LjMuMC45In0..4Teh7hXjaCSaCTCc3VPmQw.KPSXcis_imrfWNXna7t9UXqOdaAUQywAP-oLPoxbtBkNZ4EzzemQHuXxHYPLf-rH.gHIlHBWo8kMWCR1CSiqHkA</urn:Field>
    </urn:Fields>
    <urn:AdvancedFields/>
    <urn:Tables/>
</urn:AdapterConfiguration>