<?xml version="1.0" encoding="UTF-8"?>
<urn:AdapterConfiguration authnCtxClassRef="" isInheritAttributeSettings="true" isInheritAttributeMapping="true" isInheritExtendedContractAttributes="true" name="MorganPingGoogleAuth" xmlns:urn="urn:sourceid.org:saml2:adapter:conf">
    <urn:Fields>
        <urn:Field name="Client ID">eyJhbGciOiJkaXIiLCJlbmMiOiJBMTI4Q0JDLUhTMjU2Iiwia2lkIjoiRW1JY1UxOVdueSIsInZlcnNpb24iOiI5LjMuMC45In0..5HX_ycXnKQIcoThPfan8iw.c2s8UqujMSmRrBD5QhPTOqbnOXejaOYU9OEsTfr_bPOIVJSyoSsC7Otcqw9i3K8uK915D75ql7lezKei7CBNi9Qy-1Qjsyn9zUw-OgIc5wM.U5NuvSN5YouVffiH-MDfYQ</urn:Field>
        <urn:Field name="Client Secret">eyJhbGciOiJkaXIiLCJlbmMiOiJBMTI4Q0JDLUhTMjU2Iiwia2lkIjoiRW1JY1UxOVdueSIsInZlcnNpb24iOiI5LjMuMC45In0..zLzKdyExjIh6ABxdnAoLSw.xn5zluDhjo2j8TVvT71fOzEGVta1udd-RWHnKush-5M.GM_9PajgN8FK4IlByMF4BA</urn:Field>
        <urn:Field name="Refresh Token">eyJhbGciOiJkaXIiLCJlbmMiOiJBMTI4Q0JDLUhTMjU2Iiwia2lkIjoiRW1JY1UxOVdueSIsInZlcnNpb24iOiI5LjMuMC45In0..wzlaFrXeQR2DDBOPBPH_Cw.P_V5o0WRKyIk3lvOmMQ7Y0sDO0S0fFtyCaW7zPKIerl9gWxuJATtT2alhmkr4yfr.zytM_AS8Q52hCShUoV28dA</urn:Field>
    </urn:Fields>
    <urn:AdvancedFields/>
    <urn:Tables/>
</urn:AdapterConfiguration>