<?xml version="1.0" encoding="UTF-8"?>
<urn:PluginConfiguration isInheritExtendedContractAttributes="false" name="PingOne Simple PCV" xmlns:urn="urn:sourceid.org:saml2:adapter:conf">
    <urn:Fields/>
    <urn:AdvancedFields/>
    <urn:Tables>
        <urn:Table name="Users">
            <urn:Row>
                <urn:Field name="Username">joe</urn:Field>
                <urn:Field name="Password">w3zZ4aTj1_czhiPv8nEf1ZDUEbAGfnG6IbkibQrDe-0.W-ZY0Tuw.2</urn:Field>
                <urn:Field name="Confirm Password">w3zZ4aTj1_czhiPv8nEf1ZDUEbAGfnG6IbkibQrDe-0.W-ZY0Tuw.2</urn:Field>
            </urn:Row>
            <urn:Row>
                <urn:Field name="Username">sarah</urn:Field>
                <urn:Field name="Password">MGppuYaZLAbhQ8gyyCrUOHhOXUE-V0eU-cScIhmkErs.Q-kzSJUH.2</urn:Field>
                <urn:Field name="Confirm Password">MGppuYaZLAbhQ8gyyCrUOHhOXUE-V0eU-cScIhmkErs.Q-kzSJUH.2</urn:Field>
            </urn:Row>
        </urn:Table>
    </urn:Tables>
</urn:PluginConfiguration>