<?xml version="1.0" encoding="UTF-8"?>
<urn:PluginConfiguration isInheritExtendedContractAttributes="false" name="UserPass" xmlns:urn="urn:sourceid.org:saml2:adapter:conf">
    <urn:Fields/>
    <urn:AdvancedFields/>
    <urn:Tables>
        <urn:Table name="Users">
            <urn:Row>
                <urn:Field name="Username">joe</urn:Field>
                <urn:Field name="Password">aivs761e_Mh_s9WgfGtFmfwZwQItH_WIbv4oKzA0TsQ._0ZYfbYG.2</urn:Field>
                <urn:Field name="Confirm Password">HpKReKIFhKPFAOVCvobZLcDcLRyGHlMqCK-qq0QIlCY.lvgMaAUQ.2</urn:Field>
                <urn:Field name="Relax Password Requirements">false</urn:Field>
            </urn:Row>
            <urn:Row>
                <urn:Field name="Username">sarah</urn:Field>
                <urn:Field name="Password">oFx_gmFix1jeH-stGu5Li-HsI6RKJA0qlxnGzzLwqKY._yKKs7EL.2</urn:Field>
                <urn:Field name="Confirm Password">HNXjq1hkvjWIZlOyrNNcZJrtkpLMzP4znprNHQ_tbRA.j1cFr7PX.2</urn:Field>
                <urn:Field name="Relax Password Requirements">false</urn:Field>
            </urn:Row>
            <urn:Row>
                <urn:Field name="Username">scott</urn:Field>
                <urn:Field name="Password">uOiE7fNY2pV0aF963OTYttEH5lIGsml2pKrTIujcPLI.pxHF3KhF.2</urn:Field>
                <urn:Field name="Confirm Password">ZvwFwt0xkVl8u_Sok1Mdjx8WCMiuy5MOX8FLo0lexCY.McSBpnGk.2</urn:Field>
                <urn:Field name="Relax Password Requirements">false</urn:Field>
            </urn:Row>
        </urn:Table>
    </urn:Tables>
</urn:PluginConfiguration>